code,name
1010,Профессия 1010
1054,Профессия 1054
1189,Профессия 1189
1320,Профессия 1320
1526,Профессия 1526
1772,Профессия 1772
1917,Профессия 1917
1950,Профессия 1950
2041,Профессия 2041
2085,Профессия 2085
2134,Профессия 2134
2291,Профессия 2291
2404,Профессия 2404
2490,Профессия 2490
2744,Профессия 2744
2797,Профессия 2797
2828,Профессия 2828
2833,Профессия 2833
2877,Профессия 2877
2983,Профессия 2983
3061,Профессия 3061
3104,Профессия 3104
3267,Профессия 3267
3288,Профессия 3288
3341,Профессия 3341
3505,Профессия 3505
3592,Профессия 3592
3622,Профессия 3622
3647,Профессия 3647
3678,Профессия 3678
3706,Профессия 3706
3928,Профессия 3928
4259,Профессия 4259
4296,Профессия 4296
4457,Профессия 4457
4471,Профессия 4471
4484,Профессия 4484
4594,Профессия 4594
4599,Профессия 4599
4753,Профессия 4753
4924,Профессия 4924
4947,Профессия 4947
5011,Профессия 5011
5041,Профессия 5041
5062,Профессия 5062
5120,Профессия 5120
5305,Профессия 5305
5316,Профессия 5316
5340,Профессия 5340
5343,Профессия 5343
5372,Профессия 5372
5387,Профессия 5387
5423,Профессия 5423
5809,Профессия 5809
5890,Профессия 5890
6039,Профессия 6039
6108,Профессия 6108
6156,Профессия 6156
6169,Профессия 6169
6311,Профессия 6311
6314,Профессия 6314
6574,Профессия 6574
6931,Профессия 6931
6948,Профессия 6948
7119,Профессия 7119
7127,Профессия 7127
7217,Профессия 7217
7253,Профессия 7253
7305,Профессия 7305
7483,Профессия 7483
7538,Профессия 7538
7544,Профессия 7544
7573,Профессия 7573
7917,Профессия 7917
7933,Профессия 7933
8020,Профессия 8020
8124,Профессия 8124
8178,Профессия 8178
8398,Профессия 8398
8434,Профессия 8434
8518,Профессия 8518
8574,Профессия 8574
8669,Профессия 8669
8788,Профессия 8788
8963,Профессия 8963
9006,Профессия 9006
9086,Профессия 9086
9180,Профессия 9180
9202,Профессия 9202
9318,Профессия 9318
9349,Профессия 9349
9480,Профессия 9480
9646,Профессия 9646
9670,Профессия 9670
9690,Профессия 9690
9728,Профессия 9728
9798,Профессия 9798
9831,Профессия 9831
9836,Профессия 9836
9838,Профессия 9838
