id,username,role_name
04279f4a-5c2f-5988-844e-dfc3772f4573,64665,role_04279f4a
04e62ef5-6752-5390-a583-3b6b6f40d327,43343,role_04e62ef5
05afcfad-5550-55db-baf6-bd84f2142e09,37015,role_05afcfad
0b126b51-00c5-54d0-b18e-1b70bbb4caf2,38681,role_0b126b51
0b3863ba-d76f-5dec-98d5-133385a8b478,65756,role_0b3863ba
0d4b3e49-c947-5795-b5f9-6292f2e5e46f,67335,role_0d4b3e49
0dd04cd4-39c0-5384-ac0a-7916186579a3,64262,role_0dd04cd4
0ff4ac3d-69d0-594c-b8d9-d19cb003ffdf,34454,role_0ff4ac3d
12eaa1f2-9bed-55d4-9c64-a74e9632e6f6,47408,role_12eaa1f2
150f23f7-3239-5f2f-9649-63f82a3403d4,50734,role_150f23f7
163056c4-09e9-5acc-88cb-d1511b529471,50591,role_163056c4
1675f616-5cb4-5919-a727-a89eac5b8628,58167,role_1675f616
173c2148-8f8f-5d59-ac34-5a1246e524cb,34509,role_173c2148
1b5bdf59-544f-59ab-b4e8-95f77aa08d5c,43970,role_1b5bdf59
1b9935bd-e8d5-5f76-90e2-2e9259ea68c9,37565,role_1b9935bd
1d8e0fc0-02a3-5b5a-afbb-c5723ffbc767,52873,role_1d8e0fc0
1e84d97d-f0a8-5b8c-8211-a1c0780c1c0b,47381,role_1e84d97d
21a75de1-fe27-5307-ab63-f3184c6f25d8,45643,role_21a75de1
2268ee35-5a89-505d-8597-d41a1552b1c2,39769,role_2268ee35
269cbb67-b5fd-50a7-87f5-669bb7bb441d,35373,role_269cbb67
26a1a335-333a-520b-92b6-64027bafa8e6,58957,role_26a1a335
2ab459e8-8755-5aa7-96f4-3920f908e034,38574,role_2ab459e8
2d6e3564-4b35-51ee-b42f-044c852efddb,36553,role_2d6e3564
2db16513-1840-5e3a-9db7-bc3b24967a08,40188,role_2db16513
30518960-d3d2-5749-aeb9-0cafa6978044,57475,role_30518960
30b30f14-c64e-5c8a-8860-51bbdc66e008,66760,role_30b30f14
310c916a-f347-523e-9e71-e56d9a53dd34,66257,role_310c916a
32b68f42-884e-5746-b081-6829263146f5,47333,role_32b68f42
32c6f0c7-ee9d-5e98-a9bf-cd145f870c30,37332,role_32c6f0c7
3512362a-b8a9-5869-9db4-c9fcfc7c470f,58717,role_3512362a
367129e2-3de6-5e62-a12a-da04d62653ba,67941,role_367129e2
36fd8e2a-a582-58d4-a642-d6d92937b562,47849,role_36fd8e2a
3713461c-6e97-5846-9970-d15daec9f4df,63154,role_3713461c
371ecd16-aea7-5c02-866a-79bf4814fbac,43804,role_371ecd16
387fce48-9efa-5b34-8c32-c71c187a7fec,69639,role_387fce48
3937f057-f529-5917-86b9-dca788a07511,47301,role_3937f057
3ab2520f-abe2-52e3-addc-561c0db7da98,30513,role_3ab2520f
3e04ea14-a31c-5b08-a035-3892a2dbff7f,32362,role_3e04ea14
421e9d52-fabd-5964-9ccc-a6230f4a62f5,49661,role_421e9d52
440a0c1c-cf14-50be-909d-b3204f0e22de,63123,role_440a0c1c
4f2320b5-6d0f-5354-9d89-863b6e7f74a6,53898,role_4f2320b5
51703891-d96f-5619-bda4-b48f5edc98f9,67043,role_51703891
526061af-5bbb-57e8-b4cf-ebc56680fc10,65235,role_526061af
53508f2f-3bce-5906-a3dc-fd4193efdd0a,45415,role_53508f2f
55f25faa-fb18-5d51-a2d7-cadc1fb71228,32615,role_55f25faa
59f2984e-a9b1-564b-9dc6-cfb4761dd18d,58029,role_59f2984e
624efe6c-1425-5080-bfa4-21401b7348e9,48133,role_624efe6c
6496b107-733d-5b70-b3e6-ff644455a358,30233,role_6496b107
654422f3-d739-5bc8-b176-0386c581f901,68176,role_654422f3
6718db68-87f3-5e5a-a1f1-ed5f11b523bc,65601,role_6718db68
67769694-6ad5-56fe-863d-998e3ef15bc2,60035,role_67769694
6ad57d41-6444-5990-93c5-dda535a58b7e,62017,role_6ad57d41
6ade25f9-fecd-5121-bec5-7f8854e73bef,46010,role_6ade25f9
6c14e6d8-3fdc-5a32-ba57-ff908fc6d919,68997,role_6c14e6d8
6d37a1b7-fe7c-5b81-b397-f092cd1450ef,38578,role_6d37a1b7
70aa604f-f75d-53c8-9ec6-d576c4faec44,40590,role_70aa604f
72bbbe44-a963-5a6a-9e7c-a0fcb9afaab7,49621,role_72bbbe44
7318f367-2e6f-5fb5-8067-9f37a2f88dae,30611,role_7318f367
7bb29998-b321-5db8-919e-3caed41a4cfa,50203,role_7bb29998
7d9e4f58-6950-5d6c-b534-ebf452419c8f,49826,role_7d9e4f58
804d6443-3972-5abd-9153-a00df8e9836f,33330,role_804d6443
807f42cc-1192-5f2d-8ceb-cef2ef7c1664,57760,role_807f42cc
807f5c9c-50b6-5c3a-8bdc-3bc720629a61,66897,role_807f5c9c
873758bd-6f6b-500d-9287-4524075fa317,34755,role_873758bd
89d8774b-1de6-5fc4-9f20-81e103b84870,46458,role_89d8774b
8bc32547-a88c-5bdc-ae70-4fee39507f0d,46136,role_8bc32547
900eb213-794d-5a6c-8f0f-d3ef22ac9833,54218,role_900eb213
956df768-162d-56d6-b0a1-f984d55b552e,40339,role_956df768
99826676-8ac2-5a2c-a799-656cd91194cd,36049,role_99826676
9fa4d4f9-cf67-58df-b756-a55e0965eec8,32605,role_9fa4d4f9
a093c51f-0ca0-5cd7-ba45-9ac192f87228,66211,role_a093c51f
a52542f3-edee-5037-afdb-906a232c24ba,50721,role_a52542f3
a753a2d7-293a-53f8-b288-c71b3d4bac6c,55939,role_a753a2d7
a8d41130-84bc-5b44-b883-d737896cfedf,39706,role_a8d41130
b042d021-11a3-5730-bcdf-71eb428c7138,52472,role_b042d021
b0fbef8a-476c-55b7-862f-874dbbcf58be,48466,role_b0fbef8a
b10d953c-ddc2-5d58-a65e-b4f6177c9fa6,30634,role_b10d953c
b18b7ecb-79a2-53e5-a3fd-da529eb8346f,68252,role_b18b7ecb
b9ef14f3-4a07-5423-9e4b-3879b1fa29ba,68963,role_b9ef14f3
bd38f78f-7ad0-595e-81d6-06b970a7e9c3,53450,role_bd38f78f
c3b3a7f7-94ea-5c21-a3ef-04f85e05b329,38801,role_c3b3a7f7
c5df111d-448f-55e5-983c-b042b306f518,37857,role_c5df111d
c66452e0-23c5-5cbf-97fa-07b1480465dc,42179,role_c66452e0
ca317cfb-1d29-5a34-b1bd-f410214a5242,66155,role_ca317cfb
cc6f130a-df07-5e4d-b075-e8182c46156e,54197,role_cc6f130a
ce384d5a-0dbd-53ba-b4d9-d262433492ae,51860,role_ce384d5a
d04cd18e-8ec4-5648-be93-e20946733d20,34491,role_d04cd18e
d15d49de-4e91-519d-9016-308083aa7051,36789,role_d15d49de
d4c5db1b-5f09-544c-9380-1c7b039eec5b,66347,role_d4c5db1b
e06f15a1-724b-59ff-8496-5a296f28449f,34932,role_e06f15a1
e0969953-7d13-5500-ac54-0331b2f03fb2,32742,role_e0969953
e2bf9926-7d95-5045-ba46-44b81f6dd2c4,38353,role_e2bf9926
e3a2b561-0821-5567-a188-9fed8df7bea6,47168,role_e3a2b561
e8dac84f-671a-5c12-adcf-4efb4626ac5d,47090,role_e8dac84f
f40ae057-a746-5d3d-b811-ea1a0895a5b5,34802,role_f40ae057
f6c56acd-e387-549a-a5f8-c381b957b49d,56462,role_f6c56acd
faa5f07f-1e72-5c10-a91b-df45b3b5acf6,59965,role_faa5f07f
fc13eff1-497b-52f4-b4b5-29094aab80d5,43387,role_fc13eff1
fc5d1e1f-f639-5ec5-b97c-038750388b62,32890,role_fc5d1e1f
fe45d469-bc87-54fa-8141-96f7b23938b3,48677,role_fe45d469
c66452e0-23c5-5cbf-97fa-07b1480465dc,30233,role_c66452e0
c66452e0-23c5-5cbf-97fa-07b1480465dc,30513,role_c66452e0
04279f4a-5c2f-5988-844e-dfc3772f4573,30611,role_04279f4a
04279f4a-5c2f-5988-844e-dfc3772f4573,30634,role_04279f4a
04e62ef5-6752-5390-a583-3b6b6f40d327,32362,role_04e62ef5
04e62ef5-6752-5390-a583-3b6b6f40d327,32605,role_04e62ef5
05afcfad-5550-55db-baf6-bd84f2142e09,32615,role_05afcfad
05afcfad-5550-55db-baf6-bd84f2142e09,32742,role_05afcfad
0b126b51-00c5-54d0-b18e-1b70bbb4caf2,32890,role_0b126b51
0b126b51-00c5-54d0-b18e-1b70bbb4caf2,33330,role_0b126b51
